Ticker,AAPL,AAPL,AAPL,AAPL,AAPL
Date,,,,,
2023-01-03,123.76847076416016,129.53779569151328,122.87783501765625,128.9242524939217,112117500
2023-01-04,125.0450439453125,127.32111217332934,123.77836538537261,125.56952732872513,89113600
2023-01-05,123.71897888183594,126.44036106917035,123.46169000194207,125.80702181866339,80962700
2023-01-06,128.2711181640625,128.93414406697812,123.59034464347916,124.69869219835303,87754700
2023-01-09,128.7955780029297,132.02166222689684,128.53828914886986,129.11225514638548,70790800
2023-01-10,129.3695526123047,129.89403595356941,126.78671300154889,128.90444246439094,63896200
2023-01-11,132.100830078125,132.1206110743782,129.1023632460795,129.88413539800015,69458900
2023-01-12,132.02166748046875,132.86281286375012,130.07216715098443,132.48677761592936,71379600
2023-01-13,133.3576202392578,133.51595882992456,130.28988932008468,130.65603409850235,57809700
2023-01-17,134.5253448486328,135.86128703391867,132.73418300243557,133.42689544295402,63646600
2023-01-18,133.80294799804688,137.16755996413974,133.62481331043077,135.39619418728472,69672800
2023-01-19,133.86233520507812,134.8321327391652,132.37794475290383,132.68471636368645,58280400
2023-01-20,136.4352569580078,136.58370504947536,132.82324656561806,133.8722133053258,80223600
2023-01-23,139.6415252685547,141.82853332640542,136.4649238107709,136.68263556675592,81760300
2023-01-24,141.04676818847656,141.67021696013663,138.83997878878998,138.8498692883404,66435100
2023-01-25,140.3837432861328,140.94780376437996,137.36547990253146,139.42383632315142,65799300
2023-01-26,142.46188354492188,142.748859009156,140.42330829899026,141.6800962423563,54105100
2023-01-27,144.411376953125,145.69785156540507,141.59104444543297,141.6702137400347,70555800
2023-01-30,141.51187133789062,144.03533779783174,141.36343835201114,143.45148125337437,64015300
2023-01-31,142.78843688964844,142.83791958375357,140.79935942660674,141.21498687709317,65874500
2023-02-01,143.9165802001953,145.08430842068046,139.8493652771468,142.47178209857688,77663600
2023-02-02,149.25051879882812,149.60675801028222,146.62808661450947,147.35048573773668,118339000
2023-02-03,152.89218139648438,155.74221524092275,146.29159518314714,146.48951084456712,154357300
2023-02-06,150.15103149414062,151.5067849832526,149.21092060169065,150.98230158746472,69858300
2023-02-07,153.04061889648438,153.61458490158566,149.07235465259149,149.07235465259149,83322600
2023-02-08,150.3390350341797,152.97135723381655,149.59683994706387,152.27864483917466,64120100
2023-02-09,149.29994201660156,152.7239416088079,148.85462803466618,152.1796622531109,56007100
2023-02-10,149.6667022705078,149.99376860779552,147.89263166612992,148.13050221771812,57450700
2023-02-13,152.48143005371094,152.88777139634084,149.5774860679603,149.6072179924685,62199000
2023-02-14,151.8372039794922,152.402140794644,149.5180231156205,150.7668093216158,61707600
2023-02-15,153.9482421875,154.1167281140803,151.52003952799797,151.74798929654162,65573800
2023-02-16,152.34268188476562,154.939370878608,151.98588365390484,152.1444488830226,68167900
2023-02-17,151.1929931640625,151.63898716051196,149.50811855355659,150.99477529042434,59144100
2023-02-21,147.15919494628906,149.95411695272674,147.08982549385345,148.8638959311259,58867200
2023-02-22,147.5853729248047,148.61611493809133,145.8509400709552,147.54572027637772,51011300
2023-02-23,148.07101440429688,149.00265510528632,145.93024005993672,148.75487896664254,48394200
2023-02-24,145.4049530029297,145.88067894533623,144.4237540688521,145.8013887677593,55469600
2023-02-27,146.6041717529297,147.84305234351663,146.13835144102467,146.39604828262136,44998500
2023-02-28,146.0987091064453,147.7538517062128,145.5238667165713,145.74191090318052,50547000
2023-03-01,144.0174102783203,145.92032933878704,143.7200758669538,145.52389353900261,55479000
2023-03-02,144.612060546875,145.40494716777042,142.61993083245534,143.09567187882521,52238100
2023-03-03,149.68650817871094,149.7657983517578,146.01942463285462,146.72310034368257,70732300
2023-03-06,152.46160888671875,154.9096382410585,152.09490505667793,152.42195623733048,87558000
2023-03-07,150.25143432617188,152.6598107789335,149.78561404449275,152.33274450947457,56182000
2023-03-08,151.51014709472656,152.10481587149795,150.47940502111874,151.45068324166047,47204800
2023-03-09,149.2504425048828,153.16530276621975,148.89364423339313,152.19402446390868,53833600
2023-03-10,147.17901611328125,149.59731347786158,146.29693372600934,148.8738114378205,68572400
2023-03-13,149.13150024414062,151.77774753166398,146.38613645412596,146.49515855764437,84457100
2023-03-14,151.23263549804688,152.03542774179175,148.7647949151356,149.93429099292322,73695900
2023-03-15,151.6290740966797,151.8867558074207,148.5863761992532,149.84508307563596,77167900
2023-03-16,154.463623046875,155.06819732114948,150.2910669698244,150.80644547979264,76161100
2023-03-17,153.62120056152344,155.34572787019124,152.90760409745778,154.69159525762194,98944600
2023-03-20,155.99981689453125,156.41609402515743,152.77872779308782,153.69055709316683,73641400
2023-03-21,157.8631134033203,157.98204109629864,155.14748180357108,155.9205571770909,73938300
2023-03-22,156.426025390625,160.6976833752444,156.40619906612653,157.88295021864405,75701800
2023-03-23,157.5162353515625,160.11293949819742,156.2773546917545,157.41713397261083,67622100
2023-03-24,158.82447814941406,158.9136739147859,156.44583366784832,157.44684365525544,59196500
2023-03-27,156.87200927734375,159.3398647729009,156.46565282812585,158.51724627438185,52390300
2023-03-28,156.2476043701172,157.0801435690118,154.59246181824673,156.56476504075383,45992200
2023-03-29,159.33984375,159.61735174625372,157.93247744812703,157.95228864567977,51305700
2023-03-30,160.9157257080078,161.02474780690227,159.83542544272464,160.09310716599592,49501700
2023-03-31,163.43310546875,163.53222195551984,160.46971306479455,160.99499717395898,68749800
2023-04-03,164.69180297851562,164.81073065749493,162.7591525798432,162.80871082043515,56976200
2023-04-04,164.15663146972656,165.35585936030904,163.6412529320187,165.1180039760234,46278300
2023-04-05,162.3032684326172,163.58180171406576,160.36071207007467,163.27456173694304,51511700
2023-04-06,163.19525146484375,163.49258580459212,160.55891017442244,160.98507780038798,45390100
2023-04-10,160.58865356445312,160.58865356445312,158.65600290264854,159.98407924224205,47716900
2023-04-11,159.36959838867188,160.9157189090824,159.08216962961518,160.90581330889393,47644200
2023-04-12,158.67584228515625,160.61839870707885,158.35868157452518,159.78587452625487,50133100
2023-04-13,164.0872344970703,164.32510498642847,159.98406307471902,160.19220164328894,68445600
2023-04-14,163.74037170410156,164.84049824090104,162.36273713306923,163.1258766656828,49386500
2023-04-17,163.7601776123047,163.91875794761413,162.57085534359018,163.62142359967223,41516200
2023-04-18,164.98916625976562,165.9208069034402,164.17645331594588,164.6224624365103,49923000
2023-04-19,166.13885498046875,166.66413916449648,164.06743504696098,164.32513190006836,47720200
2023-04-20,165.16754150390625,166.37669007657564,164.08724134206236,164.61252546197005,52456400
2023-04-21,163.55206298828125,164.9693351136413,163.0267788318698,163.58179491237593,58337300
2023-04-24,163.85928344726562,164.12688585531714,162.43209076839383,163.53221719810315,41949600
2023-04-25,162.31317138671875,164.83056990181737,162.27351874191552,163.72053781617427,48714100
2023-04-26,162.3032684326172,163.80975151595447,161.3518165759181,161.6094983031377,45498800
2023-04-27,166.91189575195312,167.0605553628374,163.7205383718447,163.7205383718447,64902300
2023-04-28,168.17059326171875,168.3390943239458,166.3866173772678,166.99119168750394,55209200
2023-05-01,168.08140563964844,168.93375609993646,167.13985940542491,167.77416566961222,52472900
2023-05-02,167.04074096679688,168.8346527635164,166.0496364953305,168.57695592218053,48425700
2023-05-03,165.96044921875,169.39958312064851,165.67303556145444,167.99221651388285,65136000
2023-05-04,164.31520080566406,165.5540813733989,162.84837044792107,163.42321284611648,81235400
2023-05-05,172.02598571777344,172.74948764380088,169.24096984871892,169.4590140110371,113316400
2023-05-08,171.95660400390625,172.30349657417247,170.5789695681054,170.94567333669093,55962800
2023-05-09,170.2420196533203,171.99626368287582,170.0735337075861,171.51063216959898,45326900
2023-05-10,172.01608276367188,172.48190305646256,170.3708457773496,171.48089302464294,53724500
2023-05-11,172.2044219970703,173.03694622064506,170.63847493479068,172.303538504996,49514700
2023-05-12,171.27146911621094,172.75024761525086,169.7132756322357,172.3135560619337,45497800
2023-05-15,170.77525329589844,171.90667467230108,170.17976198453994,171.85704787235903,37266700
2023-05-16,170.77525329589844,171.83719412358758,170.5072806913898,170.69585344478577,42110300
2023-05-17,171.39056396484375,171.62874834746046,169.13764076744155,170.41794239989213,57951600
2023-05-18,173.73280334472656,173.92137607373184,171.28138815560044,171.6982259620468,65496700
2023-05-19,173.8419952392578,175.06273574474233,173.62364943906087,175.06273574474233,55772400
2023-05-22,172.8892059326172,173.3953780620173,172.14484940723798,172.6708601403215,43570900
2023-05-23,170.26907348632812,172.07538594402806,169.99118159190851,171.8272670994411,50747300
2023-05-24,170.5469512939453,171.1225887831174,169.2368917775998,169.80259482166662,45143500
2023-05-25,171.6883087158203,172.59144973527793,170.39808778863198,171.11267122079872,56058300
2023-05-26,174.10995483398438,174.4474079846001,171.80741974539387,172.0158462459514,54835000
2023-05-30,175.9658660888672,177.64315169617504,175.24136339159378,175.6284281360517,55964400
2023-05-31,175.916259765625,178.00046410534546,175.4299413812976,175.99565961269718,99625300
2023-06-01,178.73487854003906,178.76465158842046,175.59865286277548,176.3628631071657,68901800
2023-06-02,179.58840942382812,180.41216577183522,177.91112367918484,179.6678092681631,61945900
2023-06-05,178.22872924804688,183.55831715341373,176.70030869345317,181.2557821635985,121946500
2023-06-06,177.86154174804688,178.76468294733166,176.09492141834275,178.61581767931062,64848400
2023-06-07,176.4819793701172,179.84647030311896,175.9857416800345,177.09730925974853,61944600
2023-06-08,179.2112579345703,179.47921534059608,176.12465939133799,176.5613357676663,50214900
2023-06-09,179.5983428955078,180.85877566456503,179.2708242183914,180.13427291189814,48870700
2023-06-12,182.4070587158203,182.50631231972852,179.60828578449886,179.90603145224975,54274900
2023-06-13,181.93064880371094,182.7643244394129,181.06720011987474,181.42449184145724,54929100
2023-06-14,182.5658416748047,183.00253326157815,180.6503714756975,181.9902041416917,57462900
2023-06-15,184.61032104492188,185.11649312894187,182.39710541486247,182.57575883980218,65433200
2023-06-16,183.52853393554688,185.58296511233405,182.88343103661734,185.32491183758503,101235600
2023-06-20,183.6178741455078,184.69968387535394,183.02239797294143,183.02239797294143,49799100
2023-06-21,182.57577514648438,184.014861399602,181.21607359601802,183.50868927037342,49515700
2023-06-22,185.59288024902344,185.64250704259015,182.28793569790065,182.35741623768828,51245300
2023-06-23,185.27528381347656,186.14866693334577,183.61785186115858,184.1537970097952,53079300
2023-06-26,183.87591552734375,186.6349958367303,183.83620803203,185.42417467718977,48088700
2023-06-27,186.64488220214844,186.9724008328158,184.27286709880275,184.491212852581,50730800
2023-06-28,187.82594299316406,188.4710458547069,186.1883648714196,186.51586838059197,51216800
2023-06-29,188.1634063720703,188.63980546499792,187.51830342335998,187.65724937280402,46347300
2023-06-30,192.51043701171875,193.0165939677774,189.820822259396,190.188048421843,85069600
2023-07-03,191.0118408203125,192.42115420880762,190.31709585721728,192.32190060151567,31458200
2023-07-05,189.8903045654297,191.5278827838796,189.18564042572623,190.12850409377413,46920300
2023-07-06,190.36669921875,190.57512571080738,187.7763378847441,188.41152151886186,45094300
2023-07-07,189.2451934814453,191.2202248903426,188.80851704604538,189.9697113944817,46778000
2023-07-10,187.19078063964844,188.56040149996468,185.63258703549474,187.83588357427638,59922200
2023-07-11,186.66477966308594,187.87560089253174,185.1959202750924,187.7366549388563,46638100
2023-07-12,188.34205627441406,190.2575264802813,187.05183525729512,188.25272198118796,60750200
2023-07-13,189.10626220703125,189.75138032441,188.35198633031388,189.06656985308751,41342300
2023-07-14,189.25511169433594,189.74141488458457,188.20309033097672,188.79856640670437,41573900
2023-07-17,192.53030395507812,192.85782264696726,190.36669975701497,190.4560189064468,50520200
2023-07-18,192.2722625732422,192.86775389428135,190.97212217107915,191.8951322042925,48353800
2023-07-19,193.63192749023438,196.73836472736357,191.20035101057832,191.64697698861832,80507300
2023-07-20,191.67677307128906,194.99163717283173,191.05150874206208,193.6220163160383,59581200
2023-07-21,190.4957275390625,193.50292673966078,189.79106335340356,192.6394780020551,71917800
2023-07-24,191.29962158203125,193.44337194871,190.80338391255776,191.9546589402895,45377800
2023-07-25,192.16307067871094,192.97690772743897,191.468340968804,191.87525949316802,37283200
2023-07-26,193.03643798828125,194.16785917844345,191.86532445108293,192.21268170555348,47471900
2023-07-27,191.76608276367188,195.71613030152758,191.10112611577952,194.54501669167968,47460200
2023-07-28,194.3564453125,195.15042860374737,192.6791595850325,193.20517029738988,48291400
2023-07-31,194.97178649902344,195.0114939950775,193.7907383669621,194.58472170434533,38824100
2023-08-01,194.1381072998047,195.24967486566203,193.81058861115622,194.7633716275856,35175100
2023-08-02,191.1309051513672,193.71133198080406,190.40640238454526,193.57238603724957,50389300
2023-08-03,189.7315216064453,190.92248906521922,189.25513765173034,190.12852085535187,61235200
2023-08-04,180.62060546875,185.97004732736383,180.5511249208849,184.12404245746146,115799700
2023-08-07,177.5041961669922,181.75198882557945,176.0154833620489,180.75951362228392,97576100
2023-08-08,178.44703674316406,178.9135012797414,176.24374067710872,178.33786386983812,67823000
2023-08-09,176.8491973876953,179.56857034442828,175.678068518058,179.5090242423061,60378500
2023-08-10,176.63082885742188,179.38990895654987,176.26361784560095,178.12946109590703,54686900
2023-08-11,176.69046020507812,177.51532893244283,175.45813862661385,176.22338084720406,51988100
2023-08-14,178.3501434326172,178.57871676071744,176.21343092354076,176.86935281922499,43675600
2023-08-15,176.35256958007812,178.37001397078072,175.9550494184861,177.7737337283927,43622600
2023-08-16,175.47802734375,177.43583011971523,175.4084529729965,176.0345616520876,46964900
2023-08-17,172.92391967773438,176.4122070810067,172.40713130392336,176.04450015039933,66062900
2023-08-18,173.410888671875,174.0171167915457,170.8965364290824,171.23443009200113,61114200
2023-08-21,174.75253295898438,175.04074797752577,172.66552927979032,173.98730585882458,46311900
2023-08-22,176.13392639160156,176.58114035802282,175.15999139470742,175.96497956715007,42084200
2023-08-23,179.9998779296875,180.4272265262981,177.2271390578494,177.41596644953157,52722800
2023-08-24,175.28919982910156,179.98001065949663,174.92147774645116,179.55266206734146,54945800
2023-08-25,177.50538635253906,178.04204004805015,174.73264779095993,176.28299753845974,51449600
2023-08-28,179.07562255859375,179.4731427043403,177.4457656979585,178.97623493994635,43820700
2023-08-29,182.98130798339844,183.75648287285222,178.38988515133815,178.5886452216866,53003900
2023-08-30,186.489501953125,186.6882772160455,183.5975099164829,183.7962700149799,60813900
2023-08-31,186.70811462402344,187.9503840089481,186.32052718250378,186.67830137193894,60794500
2023-09-01,188.28829956054688,188.7454462185212,187.1155893336136,188.31811281370076,45732600
2023-09-05,188.5268096923828,188.8050768374951,186.44973880050088,187.11559340947835,45280000
2023-09-06,181.77880859375,187.68207547486304,180.34771175415628,187.23484633917346,81755800
2023-09-07,176.46188354492188,177.10787273977496,172.46674085776903,174.0965977246818,112488800
2023-09-08,177.07803344726562,179.1253060568345,176.6904460199261,177.24699542212446,65551300
2023-09-11,178.25076293945312,179.18495201045798,176.2432512228952,178.9563786732192,58953100
2023-09-12,175.20970153808594,179.01601728450376,173.7388586270757,178.37997587722177,90370200
2023-09-13,173.1326141357422,176.20350055461225,172.9040256402011,175.41837777577814,84267900
2023-09-14,174.6531524658203,175.0109266750055,172.5065072107091,172.92390792735483,60895800
2023-09-15,173.92764282226562,175.40843335624928,172.74501513151833,175.38855280048267,109205100
2023-09-18,176.8693389892578,178.27062243017014,175.0804681247336,175.38854849165324,67257600
2023-09-19,177.96255493164062,178.51908920430856,176.034550369597,176.42213782123514,51826900
2023-09-20,174.40469360351562,178.5886485115626,174.3152386804528,178.1513672500879,58436200
2023-09-21,172.8543243408203,175.20967741085585,172.78476514063325,173.47050026870355,63047900
2023-09-22,173.70901489257812,175.98486101486026,172.97360108411723,173.58976187810813,56725400
2023-09-25,174.99105834960938,175.87555365575165,173.07298629383072,173.12268010832878,46172700
2023-09-26,170.8965301513672,174.11648285641874,170.5983824508641,173.7388432559087,64588900
2023-09-27,169.37599182128906,171.96985124175765,168.00453655333803,171.55245049373576,66921800
2023-09-28,169.63438415527344,170.96609339598558,166.5833630389383,168.29272705350883,56294400
2023-09-29,170.15118408203125,171.99968179731687,169.28655415485963,170.95617233209666,51814200
2023-10-02,172.6754608154297,173.2220624293127,169.87289353938732,170.16110855599047,52164500
2023-10-03,171.3337860107422,172.55618999324432,169.76357086656446,171.19465244741932,49594600
2023-10-04,172.58602905273438,173.13263069196074,169.91266253359177,170.03191555872357,53020300
2023-10-05,173.8282928466797,174.36494660639528,171.61207310700374,172.71520904615178,48527900
2023-10-06,176.39234924316406,176.88925707961673,172.10899095482606,172.7251669838355,57224100
2023-10-09,177.883056640625,177.94268314929081,174.7127825048992,175.71653078442577,42390800
2023-10-10,177.28675842285156,178.60853494693302,176.84947714698436,176.99855858071479,43698000
2023-10-11,178.6880340576172,178.7377278666485,176.50164294003199,177.09792315514355,47551100
2023-10-12,179.5924072265625,181.21231619372998,177.93272198255502,178.95636590765267,56743100
2023-10-13,177.74392700195312,180.80486572035005,177.03831125012886,180.29802522104373,51427100
2023-10-16,177.61473083496094,177.97250506879755,175.41839161749283,175.6569128281916,52517000
2023-10-17,176.054443359375,177.31659353129535,173.7189855873035,175.5575355145397,57549400
2023-10-18,174.75253295898438,176.48177757696462,174.02705181081853,174.49414635996683,54764400
2023-10-19,174.3748779296875,176.74014855708347,174.10654349306773,174.9512775869872,59302900
2023-10-20,171.81085205078125,174.33513709455804,171.57233083888437,174.22581676799155,64189300
2023-10-23,171.93008422851562,172.93383244025344,168.87906331617407,169.85301344001374,55980100
2023-10-24,172.3673553466797,172.59592865582925,170.38965712738948,171.9797679248954,43816600
2023-10-25,170.04183959960938,171.98970950453133,169.59461048916984,170.81701448322013,57157000
2023-10-26,165.8578643798828,170.3201013316095,164.64540828457035,169.3163379944291,70625300
2023-10-27,167.1796417236328,167.9150706400693,165.79823880916834,165.87774586751993,58499100
2023-10-30,169.23684692382812,170.11140947897792,167.82563063265053,167.97471206696315,51131000
2023-10-31,169.71388244628906,169.8430681534906,166.86162156099337,168.30266621223763,44846000
2023-11-01,172.8940887451172,173.15247532339345,169.0678928937645,169.94245541165574,56934900
2023-11-02,176.47183227539062,176.68052504619254,174.37488088465793,174.43450739060134,77334800
2023-11-03,175.55751037597656,175.72647236371952,172.27793120121478,173.16242643179135,79763700
2023-11-06,178.12155151367188,178.32031158491046,175.12023955979996,175.28918637857382,63841300
2023-11-07,180.69554138183594,181.31170213885602,177.86316114274607,178.07185390554656,70530000
2023-11-08,181.75892639160156,182.31546067653568,180.466963136192,181.22227266382137,49340300
2023-11-09,181.28189086914062,182.9813068996389,180.68559549720575,181.8284924326774,53763500
2023-11-10,185.4912872314453,185.66047183761324,182.63528344353364,183.0731408572348,66133400
2023-11-13,183.89907836914062,185.12307770332387,183.31195834215197,184.91410998461964,43627500
2023-11-14,186.5261993408203,187.1929311504176,185.3917576494399,186.78492632853875,60108400
2023-11-15,187.09341430664062,188.5761557735661,186.86453984677962,186.93420587357204,53790500
2023-11-16,188.78514099121094,190.02904704723116,187.73029590080972,188.64582412031268,54412900
2023-11-17,188.76524353027344,189.45188213648447,187.65070850825023,189.32251104128505,50922700
2023-11-20,190.51663208007812,190.974396150369,188.95429410428295,188.96423988548972,46505100
2023-11-21,189.71060180664062,190.586316538311,188.8149955106325,190.47685219685218,38134500
2023-11-22,190.37733459472656,191.98943200940647,189.89967891341405,190.55646496546896,39617700
2023-11-24,189.04385375976562,189.96931250729594,188.32736271065878,189.93945997894974,24048300
2023-11-27,188.86473083496094,189.7404455259629,187.97907036225195,188.99410191914976,40552600
2023-11-28,189.47177124023438,190.14846405510127,188.47664635938358,188.85479867311508,38415400
2023-11-29,188.44679260253906,191.15353347560767,188.04874872654685,189.96933244559008,43014200
2023-11-30,189.02395629882812,189.39216280718497,187.27254208408095,188.91449196138143,48794400
2023-12-01,190.30767822265625,190.6261102728152,188.3074675935333,189.40211098182942,45679300
2023-12-04,188.50648498535156,189.12347269135768,186.53614211824694,189.05380666632493,43389500
2023-12-05,192.47705078125,193.45226890347428,189.2528407319119,189.28270844769884,66628400
2023-12-06,191.38243103027344,193.81052306910513,191.1734481168898,193.5020367748159,41089700
2023-12-07,193.3229217529297,194.04935869024033,192.64622891391613,192.6860424138352,47477700
2023-12-08,194.75588989257812,195.03452363413496,192.72582670763535,193.25324166018223,53377300
2023-12-11,192.2382049560547,192.54670640437527,190.48679074363935,192.16855411471755,60943700
2023-12-12,193.76077270507812,193.77071848752672,190.7853438376791,192.13871428631938,52696900
2023-12-13,196.9949188232422,197.03471713546693,193.90007998207173,194.13890022421998,70404200
2023-12-14,197.14418029785156,198.64681332186495,195.20368991997998,197.05462270758053,66831600
2023-12-15,196.6068115234375,197.43275173465906,196.0395831061416,196.5669980286803,128256700
2023-12-18,194.93499755859375,195.6713953811102,193.44231035021684,195.13401948283078,55751900
2023-12-19,195.97988891601562,195.98983469805682,194.9350047944863,195.20369275359957,40714100
2023-12-20,193.88018798828125,196.71628487042167,193.88018798828125,195.94008865557052,52242800
2023-12-21,193.7308807373047,196.11918926884985,192.55664081053737,195.14397125694492,46482500
2023-12-22,192.65618896484375,194.45736262538534,192.02925541151006,194.22847296294222,37122800
2023-12-26,192.10885620117188,192.94475743470915,191.88992751842636,192.66612369019674,28919300
2023-12-27,192.20835876464844,192.5566585360189,190.15840400250286,191.55158790358445,48087700
2023-12-28,192.63626098632812,193.71099759457724,192.228256173267,193.19352844592407,34049900
2023-12-29,191.59140014648438,193.4522788928648,190.79529717146985,192.9547164315309,42628800
2024-01-02,184.73497009277344,187.52132261231023,182.9935016661129,186.2376030973938,82488700
2024-01-03,183.3517608642578,184.97381929292,182.53575116647167,183.32190833232914,58414500
2024-01-04,181.02316284179688,182.19740286158623,179.99818547387906,181.26198308479132,71983600
2024-01-05,180.29672241210938,181.86902157901608,179.29165172771755,181.10278633743064,62303300
2024-01-08,184.65536499023438,184.6951784875532,180.6151605231867,181.20228054123743,59144500
2024-01-09,184.23741149902344,184.24735728099782,181.83915700040632,183.02335798455337,42841800
2024-01-10,185.28228759765625,185.49125530087693,183.02335006640843,183.4512616231925,46792900
2024-01-11,184.6852264404297,186.13811547472974,182.7248291738061,185.6305920580053,49128400
2024-01-12,185.01361083984375,185.8296205077815,184.2871739488164,185.1529277118819,40444700
2024-01-16,182.73477172851562,183.361690026594,180.04792262326768,181.27193705900044,65603000
2024-01-17,181.78939819335938,182.03817940296344,179.42101140332082,180.38628371133655,47317400
2024-01-18,187.71041870117188,188.217926944481,184.92406588558168,185.18279289864887,78005800
2024-01-19,190.62611389160156,191.01421197583775,187.89948151982946,188.4069897270921,68741000
2024-01-22,192.9447479248047,194.37773007418247,191.3226896328841,191.36250312836654,60133900
2024-01-23,194.2284698486328,194.79569832767794,192.88506035011693,194.06926140547006,42355600
2024-01-24,193.55177307128906,195.42261254918643,193.39254945946814,194.4672860626603,53631300
2024-01-25,193.223388671875,195.31315691300077,192.1685587692801,194.26827279243787,54822100
2024-01-26,191.48191833496094,193.8105067973861,191.00426266727368,193.32290534776368,44594000
2024-01-29,190.7952880859375,191.2629979920715,188.65577567784422,191.07392183626405,47145600
2024-01-30,187.12326049804688,190.86493945980703,186.55604725857967,190.00913152540437,55859400
2024-01-31,183.5010223388672,186.18787167030365,183.45127824224116,186.12815142243116,55467800
2024-02-01,185.9490509033203,186.03860850559406,182.92387770165894,183.09304712297666,64885400
2024-02-02,184.94395446777344,186.41673495449575,178.3761245608121,178.9831513103476,102518000
2024-02-05,186.76502990722656,188.3273832549743,184.9340037750539,187.23273981487074,69668800
2024-02-06,188.3771514892578,188.38709727213126,185.8594866417568,185.94904424082173,43490800
2024-02-07,188.4866180419922,190.1186223319937,187.6905150551716,189.71061746339294,53439000
2024-02-08,187.4019317626953,188.61597019246477,186.4366593779137,188.46670752859183,40962000
2024-02-09,188.1691436767578,189.30503301755343,187.3222021069975,187.96985257532495,45155200
2024-02-12,186.4752655029297,187.9897897322466,186.1165627960856,187.7406910525987,41781900
2024-02-13,184.37286376953125,185.53865891732192,182.84838113476025,185.10024282819998,56529500
2024-02-14,183.48606872558594,184.8610982078661,181.78224238811126,184.6518638454696,54630500
2024-02-15,183.19712829589844,183.82486181575325,180.69618309757163,182.88824837462906,65434500
2024-02-16,181.65269470214844,184.18354546694673,181.0150027746939,182.75869330174024,49701400
2024-02-20,180.90541076660156,181.77226924950583,179.3510375405212,181.134577279735,53665600
2024-02-21,181.66268920898438,182.23062628266825,180.00867035619171,181.28405435734408,41529700
2024-02-22,183.70526123046875,184.29314557915657,181.80215916466838,182.81847067506192,52292200
2024-02-23,181.86196899414062,184.37287274793326,181.5730060105222,184.34298212256263,45119700
2024-02-26,180.50686645507812,182.10108884357552,179.99869543060538,181.5829745492965,40867400
2024-02-27,181.9715576171875,183.25690001064538,178.9126187804792,180.4470750372319,54318900
2024-02-28,180.7659149169922,182.45978277503792,179.48057251285755,181.8519814326113,48953900
2024-02-29,180.09832763671875,181.91177314365308,178.88272498353265,180.6164570963822,136682600
2024-03-01,179.01226806640625,179.87912655443867,176.74048946042234,178.9026640457765,73488000
2024-03-04,174.4687042236328,176.26220237846417,173.16341449891394,175.51490641269265,81510100
2024-03-05,169.50665283203125,171.4197287337638,169.00845550750375,170.14434479927544,95132400
2024-03-06,168.51026916503906,170.6226362972693,168.07185305827852,170.44327734278693,68587700
2024-03-07,168.3907012939453,170.1144598371159,167.8825454793763,168.5401544147667,71765100
2024-03-08,170.1144561767578,173.0737495355564,168.33091642363513,168.39069767067738,76114600
2024-03-11,172.12718200683594,173.75131021022753,171.42970876738985,172.31649942978052,60139500
2024-03-12,172.60543823242188,173.40255698056936,170.39344092810595,172.52572483722957,59825400
2024-03-13,170.51303100585938,172.56560166885345,170.14435462584885,172.14711771653415,52488700
2024-03-14,172.37628173828125,173.68155635236576,171.4297098215142,172.286609864896,72913500
2024-03-15,171.99765014648438,171.99765014648438,169.6760486454164,170.5528808562992,121664700
2024-03-18,173.0936737060547,177.0692936926196,172.89439782384204,174.9370098250161,75604200
2024-03-19,175.4451904296875,175.97327843397125,172.40618338367324,173.7114580811964,55215200
2024-03-20,178.0258331298828,178.0258331298828,174.45873840154812,175.08647190626633,53423100
2024-03-21,170.75213623046875,176.85008146724155,170.2240483134294,176.41166541450514,106181300
2024-03-22,171.6588592529297,172.42608734653942,169.44686204033275,171.14072980755137,71106600
2024-03-25,170.23403930664062,171.32010587263267,168.83907761478048,169.9550500090239,54288300
2024-03-26,169.09814453125,170.80197088667242,168.96860836017046,169.38709229314748,57388400
2024-03-27,172.68515014648438,172.97411310204996,169.49669038501753,169.79561181348092,60273300
2024-03-28,170.8617401123047,171.60903605513778,169.89523614327186,171.13077090878156,65672700
2024-04-01,169.4169921875,170.6325949561908,168.86897205345468,170.5728137058907,46240500
2024-04-02,168.23126220703125,168.7294595117456,167.62346088712874,168.4704023866532,49329500
2024-04-03,169.03836059570312,170.0646459557495,167.9722261359459,168.18146051603773,47691700
2024-04-04,168.21136474609375,171.30017927084614,168.21136474609375,169.67605100414067,53704400
2024-04-05,168.96861267089844,169.77568993392828,168.3408791535302,168.97857114439864,42055200
2024-04-08,167.84268188476562,168.58997789957206,167.6334475147346,168.42059262733576,37425500
2024-04-09,169.0582733154297,169.46679875844995,167.74304032326918,168.09176931793073,42451200
2024-04-10,167.17507934570312,168.48035379673388,166.50749680982383,168.19140606177325,49709300
2024-04-11,174.40892028808594,174.8274194382653,167.55373514215378,167.73307888899373,91070300
2024-04-12,175.91348266601562,177.71695459263955,173.58192277868224,173.63173034934167,101593300
2024-04-15,172.0673828125,175.9931798985106,171.8780654093003,174.7277545222084,73531800
2024-04-16,168.7693328857422,173.13353117115574,167.6633342016507,171.1307833718662,73711200
2024-04-17,167.39430236816406,170.0347421275801,167.39430236816406,168.99849837401,50901200
2024-04-18,166.437744140625,168.0319815519269,165.94952052629202,167.4241802492927,43122900
2024-04-19,164.40512084960938,165.80006730864108,163.48843957599198,165.610765092168,67772100
2024-04-22,165.24208068847656,166.65695922918923,164.17594634744867,164.9232423149658,48116400
2024-04-23,166.29824829101562,166.44771659935518,164.32539129188558,164.75384886459605,49537800
2024-04-24,168.41062927246094,168.68961856026672,165.61076271741103,165.93955957507254,48251800
2024-04-25,169.27749633789062,169.9949017439694,167.54376407257087,168.91879363485126,50558300
2024-04-26,168.6896209716797,170.72225941243215,168.57004327249933,169.26753170576032,44838400
2024-04-29,172.8744659423828,175.39534310552878,172.47591417733986,172.74492977704497,68169400
2024-04-30,169.7158966064453,174.35909916149876,169.38708455902474,172.70508045160457,65934800
2024-05-01,168.6896209716797,172.08733045132695,168.50030355143892,168.96861026347364,50383100
2024-05-02,172.4061737060547,172.7947670308616,170.27388965643632,171.8880442050533,94214900
2024-05-03,182.71884155273438,186.32578503963057,182.0014362443012,185.9770408577792,163224100
2024-05-06,181.05487060546875,183.53588344480866,179.76951304919194,181.69256254536748,78569700
2024-05-07,181.7423858642578,184.23337259597065,180.66629297548113,182.78860333233249,77305800
2024-05-08,182.08116149902344,182.40997355379537,180.79580390275353,182.19076551728074,45057100
2024-05-09,183.90457153320312,183.9942434045937,181.4534339554284,181.90180851615733,48983000
2024-05-10,182.63742065429688,184.67281593274453,181.71949609935797,184.4832417440643,50759500
2024-05-13,185.8601531982422,186.67831235597092,184.20389092118026,185.022050078909,72044800
2024-05-14,187.00755310058594,187.87560260141976,185.87012310151908,187.0873746193062,52393600
2024-05-15,189.2924041748047,190.2203008031565,186.9476945906926,187.48648604697289,70400000
2024-05-16,189.41212463378906,190.66929452090585,189.23253763528552,190.04070957734746,52845200
2024-05-17,189.4420623779297,190.3799462232965,188.75361507763282,189.082873144053,41282900
2024-05-20,190.6094207763672,191.48744227389747,188.58399727816297,188.90328335886426,44361300
2024-05-21,191.91647338867188,192.295606563888,190.48968851208156,190.65930352654095,42309400
2024-05-22,190.46974182128906,192.3854279059742,189.84117207338795,191.83666445590288,34648500
2024-05-23,186.45880126953125,190.5695104450197,186.20936473753514,190.54955125962866,51005900
2024-05-24,189.5518035888672,190.15045735054443,187.61617368042806,188.3944296603675,36294600
2024-05-28,189.56179809570312,192.5650085513949,188.67380462379438,191.07836129474845,52280100
2024-05-29,189.86111450195312,191.81670371975596,189.0828736970108,189.18265440509,53068000
2024-05-30,190.85885620117188,191.74684967437963,190.2003553062749,190.33005195445256,49947900
2024-05-31,191.8166961669922,192.13598224075488,189.4819738440947,191.00852422632752,75158300
2024-06-03,193.59266662597656,194.55050954143104,192.0860755575436,192.46520870740554,50080500
2024-06-04,193.91195678710938,194.87977170290745,192.59492465346364,194.20129645164835,47471400
2024-06-05,195.42852783203125,196.45620511862302,194.43078171111515,194.95958593724887,54156800
2024-06-06,194.04165649414062,196.05710787096342,193.7323576402732,195.24893596907827,41181800
2024-06-07,196.4462432861328,196.49613363963536,193.70244131187536,194.21128637904513,53103900
2024-06-10,192.68472290039062,196.85530953542744,191.7169079607164,196.45620195884163,97262100
2024-06-11,206.68310546875,206.6930926736998,193.1935887051364,193.21353266624035,172373300
2024-06-12,212.58978271484375,219.7037025197263,206.43367547843766,206.902617394007,198134300
2024-06-13,213.75714111328125,216.2614784743462,211.12309188063193,214.25601418934664,97862700
2024-06-14,212.01107788085938,214.68503016669274,210.8237575657328,213.36801320894725,70122700
2024-06-17,216.18165588378906,218.45651588142053,212.2405616472853,212.88909055319678,93728300
2024-06-18,213.8070068359375,218.13723651623954,212.5199210550432,217.09957203800778,79943300
2024-06-20,209.20741271972656,213.75714811087835,208.37929678381894,213.44783400509766,86172500
2024-06-21,207.02235412597656,211.41243109582913,206.64320571720273,209.91581187096148,246421400
2024-06-24,207.67086791992188,212.22058759649926,206.1243584552299,207.25181639438415,80727000
2024-06-25,208.59878540039062,210.90357646615678,208.13981549353107,208.67859169129048,56713900
2024-06-26,212.7693634033203,214.37573529051122,210.16524538059215,211.0233076661301,66213200
2024-06-27,213.61746215820312,215.25376527623442,211.8714063519454,214.2061287476001,49772700
2024-06-28,210.14527893066406,215.58300736088682,209.8260080950157,215.28368048569334,82542700
2024-07-01,216.261474609375,217.01975619065925,211.4423589537816,211.61197396968475,60402900
2024-07-02,219.77354431152344,219.88329699479613,214.61519864650157,215.66281990345283,58046200
2024-07-03,221.0506591796875,221.0506591796875,218.53633465750286,219.50414962607874,37369800
2024-07-05,225.82984924316406,225.93960192344272,221.15041758535088,221.15041758535088,60412400
2024-07-08,227.30653381347656,227.33646497984205,222.74682662809306,226.57816816685514,59085900
2024-07-09,228.16458129882812,228.8829597417087,225.85979013808537,227.41627168952732,48076100
2024-07-10,232.4548797607422,232.55466045949046,228.73329110826765,228.78318145764177,62627700
2024-07-11,227.05709838867188,231.86622690917008,225.26115227596378,230.86848076037649,64710600
2024-07-12,230.0203857421875,232.11565870158282,228.1645773343909,228.40404188598967,53046500
2024-07-15,233.87168884277344,236.69531224247876,232.5646438368613,235.94700263838575,62631300
2024-07-16,234.29075622558594,235.73748508570134,231.80636285277686,234.4703432233226,43234300
2024-07-17,228.3641357421875,230.93832254659503,226.12917896312734,228.9328431112231,57345900
2024-07-18,223.67471313476562,229.92061345724463,221.7690296564846,229.76097042757166,66034600
2024-07-19,223.80442810058594,226.28882140195597,222.77675082247163,224.31328836166992,49151500
2024-07-22,223.45523071289062,227.26661302541467,222.58718122432802,226.4983442399413,48201800
2024-07-23,224.5028533935547,226.42851135969482,222.1781030613285,223.86429647317826,39960300
2024-07-24,218.04742431640625,224.29332459793014,216.64061389677994,223.4951246791964,61777600
2024-07-25,216.99981689453125,220.35224458682225,214.13627507494223,218.4365585703147,51391200
2024-07-26,217.46875,218.99530033853074,215.52313289555326,218.20707238174316,41601300
2024-07-29,217.7481231689453,218.80573164190093,215.26372979848315,216.47100932714253,36311800
2024-07-30,218.30685424804688,219.8334045947242,215.63288672795753,218.6959746261333,41643800
2024-07-31,221.5794677734375,223.3155515626994,220.13273889458495,220.94091084366266,50036300
2024-08-01,217.8678436279297,223.9740450176905,216.53086747941563,223.86429233538576,62501000
2024-08-02,219.3644561767578,225.0915242198944,217.21930817086155,218.65604975341137,105568600
2024-08-05,208.79833984375,213.0188017705649,195.55824424838744,198.64127617987643,119548600
2024-08-06,206.76292419433594,209.51671322927783,200.6168196653937,204.83728149035767,69660500
2024-08-07,209.34710693359375,213.15848935419993,205.9248296826355,206.43367474426563,63516400
2024-08-08,212.8292236328125,213.71721707569145,208.35932525259923,212.6296774525561,47161100
2024-08-09,215.7526397705078,216.29141600978787,211.4922593126285,211.62197118803232,42201600
2024-08-12,217.2909393310547,219.26875909808805,215.36306766380915,215.83255236617862,38028100
2024-08-13,221.02682495117188,221.646138683676,218.76929897291208,218.76929897291208,44155300
2024-08-14,221.47633361816406,222.7848915052682,219.45854930599305,220.3276035510778,41960600
2024-08-15,224.47303771972656,225.10235023777113,222.5151850202656,224.35317447515422,46414000
2024-08-16,225.80157470703125,226.5807162697698,223.40420315535758,223.67391069385005,44340200
2024-08-19,225.64175415039062,225.74165035068273,222.79488010428776,225.4719428035102,40687800
2024-08-20,226.2610626220703,226.92034094772856,225.20222998863,225.52188562847152,30299000
2024-08-21,226.15118408203125,227.7294495174454,224.80267685471037,226.2710625686077,34765500
2024-08-22,224.2832489013672,228.08905941841815,223.65393636981634,227.53966079897057,43695300
2024-08-23,226.5906982421875,227.96918649391685,224.0834622297127,225.41200238324527,38677300
2024-08-26,226.93032836914062,227.03022456881217,223.64395069142014,226.5107917661563,30602200
2024-08-27,227.77938842773438,228.5984945445466,224.64283997153836,225.75162066501636,35934600
2024-08-28,226.2410888671875,229.6073802985885,225.4319662685897,227.6695099550691,38052200
2024-08-29,229.53746032714844,232.66402541964027,228.62847197635801,229.8471324488683,51906300
2024-08-30,228.7483367919922,230.14679214282077,227.23000295250677,229.93703146120657,52990800
2024-09-03,222.52517700195312,228.74832587928796,220.92692932694945,228.29882348382426,50190600
2024-09-04,220.6072998046875,221.53627045160738,217.24099295020864,221.4164072047842,43840200
2024-09-05,222.13560485839844,225.23218875186365,221.2765494057299,221.38642912323468,36615400
2024-09-06,220.57733154296875,224.99247224215048,219.5284824188554,223.7038813850335,48423000
2024-09-09,220.66722106933594,221.0268260349447,216.47183996524672,220.57732363843863,67180000
2024-09-10,219.86810302734375,221.23659254048482,216.49181271910507,218.67940838073807,51591000
2024-09-11,222.41529846191406,222.84481857216005,217.65053646391294,221.21662032032157,44587100
2024-09-12,222.52517700195312,223.30431855196207,219.57842214055833,222.25546946786713,37498200
2024-09-13,222.25547790527344,223.7937787761964,221.66612995902517,223.33429284055268,36766600
2024-09-16,216.082275390625,216.98128020943747,213.6849038037586,216.302019591785,59357400
2024-09-17,216.55174255371094,216.6616222741377,214.26426595466958,215.51289221314667,45519300
2024-09-18,220.4474639892578,222.46524827574677,217.30091669603667,217.31091546092293,59894900
2024-09-19,228.61846923828125,229.56743739121873,224.38313871157,224.74274368478322,66781300
2024-09-20,227.94920349121094,232.83382873595048,227.36983908638868,229.7172625160979,318679900
2024-09-23,226.2211151123047,229.19783588273827,225.56183678133013,227.09015412184934,54146000
2024-09-24,227.1201171875,229.09795215651428,225.48192014495527,228.39870925768025,43556100
2024-09-25,226.1212158203125,227.04020291666632,223.77380760174057,224.6827959331431,42308700
2024-09-26,227.26995849609375,228.24887720276465,225.16227678839184,227.05019905798116,36636700
2024-09-27,227.53965759277344,229.26776733886913,227.05020584581527,228.20893469195548,34026000
2024-09-30,232.7439422607422,232.7439422607422,229.39761768078608,229.78718847660608,54541900
2024-10-01,225.96141052246094,229.3976172900359,223.49412373913023,229.2677705196639,63285000
2024-10-02,226.53077697753906,227.12012493395358,222.77491454853467,225.64175566026316,32880600
2024-10-03,225.42198181152344,226.56072831643584,223.0745736591087,224.8925655126969,34044200
2024-10-04,226.55075073242188,227.74942888869526,223.88368688105714,227.6495326914976,37245100
2024-10-07,221.4463653564453,225.44196936055414,221.08676038639473,224.25327473060864,39505400
2024-10-08,225.52188110351562,225.73164177618557,223.0046463373399,224.05349542674807,31855700
2024-10-09,229.28773498535156,229.49751090746852,224.58291968465133,224.9824739985636,33591100
2024-10-10,228.7882843017578,229.24778548023318,226.9203442604764,227.5296744960524,28183500
2024-10-11,227.2999267578125,229.15788323697032,227.09015084025384,229.04800351672907,31759200
2024-10-14,231.04580688476562,231.47532700331138,228.34877720356226,228.44865815944695,39882100
2024-10-15,233.59300231933594,237.22900130875718,232.11461788171079,233.3532605949055,64751400
2024-10-16,231.5252685546875,231.86489123072647,229.5873982094942,231.34547369396782,34082200
2024-10-17,231.89486694335938,233.59301088010824,230.26666863657624,233.17345903647427,32993800
2024-10-18,234.74172973632812,235.9204255737285,233.75281228137578,235.9204255737285,46431500
2024-10-21,236.22010803222656,236.5897117727769,234.19234018879644,234.19234018879644,36254500
2024-10-22,235.60079956054688,235.96040454410334,232.3443876620224,233.6329632952546,38846600
2024-10-23,230.5063934326172,234.88158476901867,227.50969037853835,233.822752128634,52287000
2024-10-24,230.31661987304688,230.56634513279107,228.15898997077215,229.7272566761152,31109500
2024-10-25,231.1556854248047,232.96369380669327,229.3177112321018,229.4875225740561,38802300
2024-10-28,233.14349365234375,234.472033847566,232.29443692443334,233.06359498314518,36087100
2024-10-29,233.41319274902344,234.07247106119948,232.06468555632105,232.84382710997653,35417200
2024-10-30,229.8471221923828,233.21341362628857,229.29772360355057,232.35435817157438,47070900
2024-10-31,225.66172790527344,229.57741798472995,225.1223128313268,229.08795100904055,64370100
2024-11-01,222.66502380371094,225.10234466312102,220.02792579428782,220.72715344034327,65276700
2024-11-04,221.76600646972656,222.54514803369162,219.46854635353304,220.74713841963055,44944500
2024-11-05,223.2044219970703,223.70387248945224,220.896963160989,221.5562414690178,28111300
2024-11-06,222.47523498535156,225.82155947797517,220.94691765378838,222.36535526416637,54561100
2024-11-07,227.22999572753906,227.629565273657,224.32320539488208,224.38313701629485,42137700
2024-11-08,226.9600067138672,228.66000366210938,226.41000366210938,227.1699981689453,38328800
2024-11-11,224.22999572753906,225.6999969482422,221.5,225.0,42005600
2024-11-12,224.22999572753906,225.58999633789062,223.36000061035156,224.5500030517578,40398300
2024-11-13,225.1199951171875,226.64999389648438,222.75999450683594,224.00999450683594,48566200
2024-11-14,228.22000122070312,228.8699951171875,225.0,225.02000427246094,44923900
2024-11-15,225.0,226.9199981689453,224.27000427246094,226.39999389648438,47923700
2024-11-18,228.02000427246094,229.74000549316406,225.1699981689453,225.25,44686000
2024-11-19,228.27999877929688,230.16000366210938,226.66000366210938,226.97999572753906,36211800
2024-11-20,229.0,229.92999267578125,225.88999938964844,228.05999755859375,35169600
2024-11-21,228.52000427246094,230.16000366210938,225.7100067138672,228.8800048828125,42108300
2024-11-22,229.8699951171875,230.72000122070312,228.05999755859375,228.05999755859375,38168300
2024-11-25,232.8699951171875,233.25,229.74000549316406,231.4600067138672,90152800
2024-11-26,235.05999755859375,235.57000732421875,233.3300018310547,233.3300018310547,45986200
2024-11-27,234.92999267578125,235.69000244140625,233.80999755859375,234.47000122070312,33498400
2024-11-29,237.3300018310547,237.80999755859375,233.97000122070312,234.80999755859375,28481400
2024-12-02,239.58999633789062,240.7899932861328,237.16000366210938,237.27000427246094,48137100
2024-12-03,242.64999389648438,242.75999450683594,238.89999389648438,239.80999755859375,38861000
2024-12-04,243.00999450683594,244.11000061035156,241.25,242.8699951171875,44383900
2024-12-05,243.0399932861328,244.5399932861328,242.1300048828125,243.99000549316406,40033900
2024-12-06,242.83999633789062,244.6300048828125,242.0800018310547,242.91000366210938,36870600
2024-12-09,246.75,247.24000549316406,241.75,241.8300018310547,44649200
2024-12-10,247.77000427246094,248.2100067138672,245.33999633789062,246.88999938964844,36914800
2024-12-11,246.49000549316406,250.8000030517578,246.25999450683594,247.9600067138672,45205800
2024-12-12,247.9600067138672,248.74000549316406,245.67999267578125,246.88999938964844,32777500
2024-12-13,248.1300048828125,249.2899932861328,246.24000549316406,247.82000732421875,33155300
2024-12-16,251.0399932861328,251.3800048828125,247.64999389648438,247.99000549316406,51694800
2024-12-17,253.47999572753906,253.8300018310547,249.77999877929688,250.0800018310547,51356400
2024-12-18,248.0500030517578,254.27999877929688,247.74000549316406,252.16000366210938,56774100
2024-12-19,249.7899932861328,252.0,247.08999633789062,247.5,60882300
2024-12-20,254.49000549316406,255.0,245.69000244140625,248.0399932861328,147495300
2024-12-23,255.27000427246094,255.64999389648438,253.4499969482422,254.77000427246094,40858800
2024-12-24,258.20001220703125,258.2099914550781,255.2899932861328,255.49000549316406,23234700
2024-12-26,259.0199890136719,260.1000061035156,257.6300048828125,258.19000244140625,27237100
2024-12-27,255.58999633789062,258.70001220703125,253.05999755859375,257.8299865722656,42355300
2024-12-30,252.1999969482422,253.5,250.75,252.22999572753906,35557500
2024-12-31,250.4199981689453,253.27999877929688,249.42999267578125,252.44000244140625,39480700
